{
  "fwd_gpu_256_ms": 1.5879778150019774,
  "fwd_gpu_256_throughput": 161211.3201969898,
  "fwd_gpu_512_ms": 0.9937069750185401,
  "fwd_gpu_512_throughput": 515242.4335055587,
  "fwd_gpu_1024_ms": 1.3044727400028933,
  "fwd_gpu_1024_throughput": 784991.490123227,
  "fwd_gpu_2048_ms": 1.5696604550430493,
  "fwd_gpu_2048_throughput": 1304740.7758920905,
  "fwd_gpu_4096_ms": 3.0716250750219842,
  "fwd_gpu_4096_throughput": 1333496.0810510651,
  "fwd_gpu_8192_ms": 5.742059374974815,
  "fwd_gpu_8192_throughput": 1426665.8466999796,
  "fwd_gpu_16384_ms": 2.3108746200205132,
  "fwd_gpu_16384_throughput": 7089956.269394902,
  "bwd_gpu_256_ms": 3.222939689976556,
  "bwd_gpu_256_throughput": 79430.5896558251,
  "bwd_gpu_512_ms": 16.322516450090916,
  "bwd_gpu_512_throughput": 31367.71229886849,
  "bwd_gpu_1024_ms": 4.673157479983274,
  "bwd_gpu_1024_throughput": 219123.7946476533,
  "bwd_gpu_2048_ms": 5.3064615500261425,
  "bwd_gpu_2048_throughput": 385944.56601497665,
  "bwd_gpu_4096_ms": 4.317543220031439,
  "bwd_gpu_4096_throughput": 948687.6659384486,
  "bwd_gpu_8192_ms": 8.748880730017845,
  "bwd_gpu_8192_throughput": 936348.3458967317,
  "bwd_gpu_16384_ms": 5.301405709997198,
  "bwd_gpu_16384_throughput": 3090501.066368803
}